"Title","Genre","Publisher(s)","Developer(s)"
"007: Agent Under Fire","First-person Shooter","EA Games","Savage Entertainment"
"007: Everything or Nothing","Third-person Action-adventure/Stealth","EA Games","EA Games"
"007: From Russia with Love","Third-person Action-adventure/Stealth","EA Games","EA Games"
"007: Nightfire","First-person Shooter","EA Games","Eurocom"
"187 Ride or Die","Vehicular Combat","Ubisoft","Ubisoft"
"2002 FIFA World Cup","Soccer","EA Sports","EA Sports"
"25 To Life","Third-person Shooter","Eidos","Avalanche Software, Ritual Entertainment"
"4x4 EVO 2","Racing","Gathering","Terminal Reality"
"50 Cent: Bulletproof","Third-person Shooter","VU Games","Genuine Games"
"Advent Rising","Third-person Shooter","Majesco Entertainment","GlyphX Games"
"Aeon Flux !Ã†on Flux","Action-adventure","Majesco Entertainment","Terminal Reality"
"AFL Live 2003","Sports","Acclaim","IR Gurus"
"AFL Live 2004","Sports","Acclaim","IR Gurus"
"AFL Live Premiership Edition","Sports / footy","Acclaim","IR Gurus"
"AFL Premiership 2005","Sports / footy","THQ","IR Gurus"
"Aggressive Inline","Extreme sports","Acclaim","Z-Axis"
"Airforce Delta Storm Deadly Skies(PAL) Airforce Delta II(JP)","Flight Simulator","Konami","Konami"
"Alias","Action-adventure","Acclaim","Acclaim"
"Alien Hominid","Side-scrolling Shoot'em up","O~3 Entertainment","The Behemoth"
"Aliens Versus Predator: Extinction","Real-time strategy","EA Games","Zono Incorporated"
"Alfa Romeo Racing Italiano SCAR : Squadra Corse Alfa Romeo(PAL)","Racing","Black Bean Games","Milestone S.r.l."
"All-Star Baseball 2003","Baseball","Acclaim","Acclaim"
"All-Star Baseball 2004","Baseball","Acclaim","Acclaim"
"All-Star Baseball 2005","Baseball","Acclaim","Acclaim"
"Alter Echo","Action-adventure","THQ","Outrage Entertainment"
"America's Army: Rise of a Soldier","Tactical first-person shooter","Ubisoft","Secret Level"
"American Chopper","Sports","Activision","Creat Studios"
"American Chopper 2: Full Throttle","Sports","Activision","Creat Studios"
"AMF Bowling 2004","Bowling","Bethesda Softworks","Mud Duck Productions"
"AMF Xtreme Bowling 2006","Bowling","Bethesda Softworks","Mud Duck Productions"
"Amped: Freestyle Snowboarding Tenku: Freestyle Snowboarding(JP)","Snowboarding","Microsoft Game Studios","Indie Built"
"Amped 2 Tenku 2(JP)","Snowboarding","Microsoft Game Studios","Indie Built"
"AND 1 Streetball","Basketball","Ubisoft","Black Ops Entertainment"
"Angelic Concert","Visual novel","","Success"
"Animaniacs: The Great Edgar Hunt","Platformer","Ignition Entertainment","Warthog Games"
"Antz Extreme Racing","Racing","Empire Interactive","LSP"
"Aoi Namida","Adventure","Panther Software",""
"APEX Racing Evoluzione (PAL)","Racing","Atari","Milestone"
"Aquaman: Battle for Atlantis","Action-adventure","TDK","TDK"
"Arctic Thunder","Racing","Midway Games","Midway Games"
"Area 51","First-person Shooter/Survival horror","Midway","Midway Studios Austin"
"Arena Football","Football","EA Games","EA Tiburon"
"Armed and Dangerous","Third-person Shooter/Action-adventure","LucasArts","Planet Moon Studios"
"Army Men: Major Malfunction","Third-person Shooter","3DO","Global Star Software"
"Army Men: Sarge's War","Third-person Shooter","3DO","Global Star Software"
"Arx Fatalis","First-person Role-playing","JoWood Productions","Arkane Studios"
"Atari Anthology","Arcade Compilations","Atari","Digital Eclipse"
"ATV Quad Power Racing 2","Racing","Acclaim Entertainment","Climax Studios"
"Auto Modellista","Racing","Capcom","Capcom Production Studio 1"
"Avatar: The Last Airbender","Action-adventure","THQ","TOSE"
"Azurik: Rise of Perathia","Action-adventure","Microsoft Game Studios","Adrenium Games"
"Backyard Wrestling: Don't Try This at Home","Wrestling","Eidos Interactive","Paradox Development"
"Backyard Wrestling 2: There Goes the Neighborhood","Wrestling","Eidos Interactive","Paradox Development"
"Bad Boys: Miami Takedown Bad Boys II (PAL)","Third-person Shooter","Empire Interactive","Blitz Games"
"Baldur's Gate: Dark Alliance","Action Role-playing/Hack 'n Slash","Vivendi Universal Games","Snowblind Studios"
"Baldur's Gate: Dark Alliance II","Action Role-playing/Hack 'n Slash","Interplay Entertainment","Black Isle Studios"
"Barbarian","Fighting","Avalon Interactive","Saffire"
"Barbie Horse Adventures: Wild Horse Rescue","Adventure/Racing","Universal Interactive","Universal Interactive"
"Bard's Tale !The Bard's Tale","Action Role-playing","Vivendi Universal Games","InXile Entertainment"
"Bass Pro Shops: Trophy Bass 2007","Fishing simulator","Vivendi Universal","Big John Games"
"Bass Pro Shops: Trophy Hunter 2007","Hunting simulator","Vivendi Universal","Jarhead Games"
"Batman Begins","Action-adventure/Stealth","EA Games","Eurocom"
"Batman: Dark Tomorrow","Action-adventure","Kemco","HotGen"
"Batman: Rise of Sin Tzu","Action-adventure/Beat 'em up","Ubisoft","Ubisoft Montreal"
"Batman Vengeance","Action-adventure","Ubisoft","Ubisoft Montreal"
"Battle Engine Aquila","Mecha simulator","Atari","Lost Toys"
"Battlefield 2: Modern Combat","First-person Shooter","EA Games","EA DICE"
"Battlestar Galactica","Space flight Simulator","Vivendi Universal","Warthog Games"
"Beat Down: Fists of Vengeance","Action Role-playing/Beat 'em up","Capcom","Cavia"
"Beyond Good & Evil","Action-adventure","Ubisoft","Ubisoft Milan"
"Bible Game !The Bible Game","Party Mini-games","Crave Entertainment","Crave Entertainment"
"Bicycle Casino","Gambling","Activision Value","Leaping Lizard"
"Big Bumpin'","Party Mini-games","King Games","Blitz Games"
"Big Mutha Truckers","Racing","THQ","Eutechnyx"
"Big Mutha Truckers 2","Racing","THQ","Empire Interactive"
"Bionicle: The Game","Action-adventure","EA Games","Argonaut Games"
"Bistro Cupid","","Success",""
"Bistro Cupid 2","","Success",""
"Black","First-person Shooter","EA Games","Criterion Games"
"Black Stone: Magic & Steel Ex-Chaser(JP)","Role-playing","Xicat Interactive","XPEC Entertainment"
"Blade II","Action/Beat 'em up","Activision","Mucky Foot Productions"
"Blazing Angels: Squadrons of WWII","Flight Simulator","Ubisoft","Ubisoft Romania"
"Blinx: The Time Sweeper","Action/Platformer","Microsoft Game Studios","Artoon"
"Blinx 2: Masters of Time and Space Blinx 2: Battle of Time and Space(JP)","Action/Platformer","Microsoft Game Studios","Artoon"
"Blitz: The League","American Football","Midway Games","Midway Games"
"Blood Omen 2","Action-adventure","Eidos Interactive","Crystal Dynamics"
"Blood Wake","Vehicular Combat","Microsoft Game Studios","Stormfront Studios"
"BloodRayne","Action/Hack 'n Slash","Majesco Entertainment","Terminal Reality"
"BloodRayne 2","Action/Hack 'n Slash","Majesco Entertainment","Terminal Reality"
"Bloody Roar: Extreme","Fighting","Konami","Hudson Soft"
"BlowOut","Side-scrolling Shoot'em up","Majesco Entertainment","Terminal Reality"
"BMX XXX","Extreme sports","Acclaim Entertainment","Z-Axis"
"Braveknight","Visual novel","Panther Games",""
"Break Nine: World Billiards Tournament","Billiard sports","ASK","ASK"
"Breakdown","First-person Shooter/Action-adventure","Namco","Namco"
"Breeders' Cup World Thoroughbred Championships","","Bethesda","ZeniMax"
"Brian Lara International Cricket 2005","","Codemasters","Codemasters"
"Broken Sword: The Sleeping Dragon","","The Adventure Company","Revolution Software"
"Brothers in Arms: Earned in Blood","","Ubisoft","Gearbox Software"
"Brothers in Arms: Road to Hill 30","","Ubisoft","Gearbox Software"
"Bruce Lee: Quest of the Dragon","","Vivendi","Ronin Entertainment"
"Brute Force","","Microsoft Game Studios","Digital Anvil"
"Buffy the Vampire Slayer","","EA Games","The Collective, Inc."
"Buffy the Vampire Slayer: Chaos Bleeds","","Vivendi","Eurocom"
"Burnout","","Acclaim","Criterion Games"
"Burnout 2: Point of Impact","","Acclaim","Criterion Games"
"Burnout 3: Takedown","","EA Games","Criterion Games"
"Burnout Revenge","","EA Games","Criterion Games"
"C.A.T.: Cyber Attack Team","","Hide","Hide"
"Cabela's Big Game Hunter 2005 Adventures","","Activision","Fun Labs/Sand Grain Studios"
"Cabela's Dangerous Hunts","","Activision","Fun Labs"
"Cabela's Dangerous Hunts 2","","Activision","Sand Grain Studios"
"Cabela's Deer Hunt: 2004 Season","","Activision","Sand Grain Studios"
"Cabela's Deer Hunt: 2005 Season","","Activision","Fun Labs"
"Cabela's Outdoor Adventures","","Activision","Sand Grain Studios"
"Call of Cthulhu: Dark Corners of the Earth","","Bethesda Softworks/2K Games","Headfirst Productions"
"Call of Duty: Finest Hour","","Activision","Spark Unlimited"
"Call of Duty 2: Big Red One","","Activision","Treyarch"
"Call of Duty 3","","Activision","Treyarch, Pi Studios"
"Capcom Classics Collection Vol. 1","","Capcom","Backbone Entertainment"
"Capcom Classics Collection Vol. 2","","Capcom","Backbone Entertainment"
"Capcom Fighting Evolution Capcom Fighting Jam(PAL/JP)","","Capcom","Capcom Production Studio 2"
"Capcom vs. SNK 2 EO","","Capcom","Capcom Production Studio 1"
"Carmen Sandiego: The Secret of the Stolen Drums","","BAM! Entertainment","A2M"
"Cars","","THQ","Rainbow Studios"
"Carve","","Global Star Software","Argonaut Games"
"Castlevania: Curse of Darkness Akumajo Dracula: Yami no Juin(JP)","","Konami","Konami"
"Catwoman","","EA Games","Argonaut Games"
"Cel Damage","","EA Games","Pseudo Interactive"
"Celebrity Deathmatch","","Gotham Games","Big Ape Productions"
"Championship Bowling","","Evolved Games","Black Market Games"
"Championship Manager: Season 01/02","","Eidos Interactive","Sports Interactive"
"Championship Manager: Season 02/03","","Eidos Interactive","Sports Interactive"
"Championship Manager 2006","","Eidos Interactive","Gusto Games"
"Championship Manager 5","","Eidos Interactive","Gusto Games"
"Charlie and the Chocolate Factory","","Global Star Software","High Voltage Software"
"Chase: Hollywood Stunt Driver","","BAM! Entertainment","I-Imagine"
"Chessmaster 10th Edition","","Ubisoft","Ubisoft"
"Chicago Enforcer","","Kemco","Touchdown"
"Chicken Little","","Buena Vista Games","Avalanche Software"
"Chronicles of Narnia: The Lion, the Witch and the Wardrobe !The Chronicles of Narnia: The Lion, the Witch and the Wardrobe","","Buena Vista Games","Traveller's Tales"
"Chronicles of Riddick: Escape from Butcher Bay !The Chronicles of Riddick: Escape from Butcher Bay","","Vivendi Games","Starbreeze Studios, Tigon Studios"
"Circus Maximus: Chariot Wars","","Encore","Kodiak Interactive"
"Classified: The Sentinel Crisis","","Global Star Software","Torus Games"
"Close Combat: First to Fight","","2K Games","Destineer"
"Club Football: Ajax","","Codemasters","Codemasters"
"Club Football: Arsenal","","Codemasters","Codemasters"
"Club Football: Aston Villa","","Codemasters","Codemasters"
"Club Football: Barcelona","","Codemasters","Codemasters"
"Club Football: Bayern Munich","","Codemasters","Codemasters"
"Club Football: Borussia Dortmund","","Codemasters","Codemasters"
"Club Football: Celtic","","Codemasters","Codemasters"
"Club Football: Chelsea","","Codemasters","Codemasters"
"Club Football: Hamburger","","Codemasters","Codemasters"
"Club Football: Inter Milan","","Codemasters","Codemasters"
"Club Football: Juventus","","Codemasters","Codemasters"
"Club Football: Leeds United","","Codemasters","Codemasters"
"Club Football: Liverpool","","Codemasters","Codemasters"
"Club Football: Manchester United","","Codemasters","Codemasters"
"Club Football: Milan","","Codemasters","Codemasters"
"Club Football: Rangers","","Codemasters","Codemasters"
"Club Football: Real Madrid","","Codemasters","Codemasters"
"Club Football 2005: Ajax","","Codemasters","Codemasters"
"Club Football 2005: Arsenal","","Codemasters","Codemasters"
"Club Football 2005: Aston Villa","","Codemasters","Codemasters"
"Club Football 2005: Barcelona","","Codemasters","Codemasters"
"Club Football 2005: Bayern Munich","","Codemasters","Codemasters"
"Club Football 2005: Birmingham City","","Codemasters","Codemasters"
"Club Football 2005: Borussia Dortmund","","Codemasters","Codemasters"
"Club Football 2005: Celtic","","Codemasters","Codemasters"
"Club Football 2005: Chelsea","","Codemasters","Codemasters"
"Club Football 2005: Hamburger","","Codemasters","Codemasters"
"Club Football 2005: Inter Milan","","Codemasters","Codemasters"
"Club Football 2005: Juventus","","Codemasters","Codemasters"
"Club Football 2005: Liverpool","","Codemasters","Codemasters"
"Club Football 2005: Manchester United","","Codemasters","Codemasters"
"Club Football 2005: Milan","","Codemasters","Codemasters"
"Club Football 2005: Newcastle United","","Codemasters","Codemasters"
"Club Football 2005: Olympique de Marseille","","Codemasters","Codemasters"
"Club Football 2005: Paris Saint-Germain","","Codemasters","Codemasters"
"Club Football 2005: Rangers","","Codemasters","Codemasters"
"Club Football 2005: Real Madrid","","Codemasters","Codemasters"
"Club Football 2005: Tottenham Hotspur","","Codemasters","Codemasters"
"Codename: Kids Next Door - Operation: V.I.D.E.O.G.A.M.E.","","Global Star Software","High Voltage Software"
"Cold Fear","","Ubisoft","Darkworks"
"Cold War","","DreamCatcher Games","Mindware Studios"
"Colin McRae Rally 04","","Codemasters","Codemasters"
"Colin McRae Rally 2005","","Codemasters","Codemasters"
"Colin McRae Rally 3","","Codemasters","Codemasters"
"College Hoops 2K6","","2K Sports","Visual Concepts"
"College Hoops 2K7","","2K Sports","Visual Concepts"
"Combat Elite: WWII Paratroopers","","SouthPeak Games","BattleBorne Entertainment"
"Combat: Task Force 121","","Groove Games","Direct Action"
"Commandos: Strike Force","","Eidos Interactive","Pyro Studios"
"Commandos 2: Men of Courage","","Eidos Interactive","Pyro Studios"
"Conan","","TDK Mediactive","Cauldron HQ"
"Conflict: Desert Storm","","SCi","Pivotal Games"
"Conflict: Desert Storm II: Back to Baghdad","","SCi","Pivotal Games"
"Conflict: Global Terror","","SCi / 2K Games","Pivotal Games"
"Conflict: Vietnam","","Eidos Interactive","Pivotal Games"
"Conker: Live & Reloaded","","Microsoft Game Studios","Rare"
"Conspiracy: Weapons of Mass Destruction","","Oxygen Interactive","Kuju Entertainment"
"Constantine","","THQ","Bits Studios"
"Corvette","","TDK Mediactive","Steel Monkeys"
"Counter-Strike","","Microsoft Game Studios","Valve Corporation"
"Crash Bandicoot: The Wrath of Cortex","","Universal Interactive Studios","Traveller's Tales"
"Crash 'n' Burn","","Eidos Interactive","Climax"
"Crash Nitro Kart","","Universal Interactive","Vicarious Visions"
"Crash Tag Team Racing","","Sierra Entertainment","Radical Entertainment"
"Crash Twinsanity","","Vivendi Universal Games","Traveller's Tales"
"Crazy Taxi 3: High Roller","","Sega","Hitmaker"
"Cricket 2005","","EA Games","HB Studios"
"Crime Life: Gang Wars","","Konami","Hothouse Creations"
"Crimson Sea","","Koei","Koei"
"Crimson Skies: High Road to Revenge","","Microsoft Game Studios","FASA Interactive"
"Crouching Tiger, Hidden Dragon","","Ubisoft","Bergsala Lightweight"
"Crusty Demons","","SouthPeak Games","Evolved Games, Climax"
"CSI: Crime Scene Investigation","","Ubisoft","369 Interactive"
"Curious George","","Namco","Monkey Bar Games"
"Curse: The Eye of Isis","","DreamCatcher Interactive","Asylum Entertainment"
"Da Vinci Code !The Da Vinci Code","","2K Games","The Collective, Inc."
"Daemon Vector","","XPEC Entertainment","XPEC Entertainment"
"Dai Senryaku VII: Modern Military Tactics Daisenryaku VII","","Kemco","SystemSoft"
"Dakar 2: The World's Ultimate Rally","","Acclaim","Acclaim"
"Dance Dance Revolution Ultramix","","Konami","Konami"
"Dance Dance Revolution Ultramix 2","","Konami","Konami"
"Dance Dance Revolution Ultramix 3","","Konami","Konami"
"Dance Dance Revolution Ultramix 4","","Konami","Konami"
"Dance: UK","Music/Rhythm","Big Ben Interactive","Broadsword Interactive"
"Dancing Stage Unleashed","","Konami","Konami"
"Dancing Stage Unleashed 2","","Konami","Konami"
"Dancing Stage Unleashed 3","","Konami","Konami"
"Dark Summit","","THQ","Radical Entertainment"
"Darkwatch","","Capcom","High Moon Studios"
"Dave Mirra Freestyle BMX 2","","Acclaim","Z-Axis Ltd."
"David Beckham Soccer","","Rage Software Limited","Rage Software Limited"
"Dead Man's Hand","","Atari","Human Head Studios"
"Dead or Alive 3","","Tecmo","Team Ninja"
"Dead or Alive Ultimate","","Tecmo","Team Ninja"
"Dead or Alive Xtreme Beach Volleyball","","Tecmo","Team Ninja"
"Dead to Rights","","Namco","Namco"
"Dead to Rights II","","Namco","Widescreen Games"
"Deathrow","","Ubisoft","Southend Interactive"
"Def Jam: Fight for NY","","EA Games","AKI Corporation, EA Canada"
"Defender","","Midway Games","7 Studios"
"Delta Force: Black Hawk Down","","NovaLogic","VU Games, Climax"
"Dennou Taisen: DroneZ","","Metro 3D","Zetha GameZ"
"Destroy All Humans!","","THQ","Pandemic Studios"
"Destroy All Humans! 2","","THQ","Pandemic Studios"
"Deus Ex: Invisible War","","Eidos Interactive","Ion Storm Inc."
"Die Hard: Vendetta","","VU Games, Fox Interactive","Bits Studios"
"Digimon Rumble Arena 2","","Bandai","Bandai"
"Digimon World 4 Dejimon Warudo X (JP)","","Atari","Bandai"
"Dino Crisis 3","","Capcom","Capcom"
"Dinosaur Hunting","","Metro 3D","Scarab"
"Dinotopia: The Sunstone Odyssey","","TDK Mediactive","Vicious Cycle"
"Disney's Extreme Skate Adventure","","Activision","Toys for Bob"
"Doom 3","","Activision","id Software, Vicarious Visions"
"Doom 3: Resurrection of Evil","","Activision","id Software"
"Double-S.T.E.A.L. - The Second Clash","","Microsoft Game Studios","Bunkasha Publishing"
"Dr. Muto","","Midway Games","Midway Games"
"Dr. Seuss' The Cat in the Hat","","VU Games","Magenta Software"
"Dragon Ball Z: Sagas","","Atari","Avalanche Software"
"Dragon's Lair 3D: Return to the Lair","","Ubisoft","Dragonstone Software"
"Drake of the 99 Dragons","","Majesco","Idol FX"
"Dreamfall: The Longest Journey","","Aspyr Media","Funcom"
"Drihoo","Adventure","Highwaystar","Highwaystar"
"Drive to Survive Mashed: Drive to Survive","","Empire Interactive","Codemasters"
"DRIV3R","","Atari","Reflections Interactive"
"Driver: Parallel Lines","","Atari","Reflections Interactive"
"Dukes of Hazzard: Return of the General Lee !The Dukes of Hazzard: Return of the General Lee","","Ubisoft","Ratbag"
"Dungeons & Dragons: Heroes","","Atari","Atari"
"Dynasty Warriors 3 Shin Sangokumusou 2(JP)","","Koei","Omega Force"
"Dynasty Warriors 4 Shin Sangokumusou 3(JP)","","Koei","Omega Force"
"Dynasty Warriors 5 Shin Sangokumusou 4(JP)","","Koei","Omega Force"
"Ed, Edd n Eddy: The Mis-Edventures","","Midway Games","Artificial Mind and Movement"
"Egg Mania: Eggstreme Madness","","Kemco","HotGen"
"Elder Scrolls III: Morrowind !The Elder Scrolls III: Morrowind","","Bethesda Softworks","Bethesda Softworks"
"Enclave","","Conspiracy Entertainment","Starbreeze"
"England International Football","","Codemasters","Codemasters"
"Enter the Matrix","","Atari","Shiny"
"Eragon","","Vivendi Games","Stormfront Studios"
"ESPN College Hoops","","Sega","Visual Concepts"
"ESPN College Hoops 2K5","","Sega","Visual Concepts"
"ESPN International Winter Sports 2002","","Konami","Konami"
"ESPN Major League Baseball","","Sega","Blue Shift"
"ESPN MLS ExtraTime 2002","","Konami","KCEA"
"ESPN NBA 2K5","","Sega","Visual Concepts"
"ESPN NBA 2Night 2002","","Konami","Konami"
"ESPN NBA Basketball","","Sega","Visual Concepts"
"ESPN NFL 2K5","","Sega","Visual Concepts"
"ESPN NFL Football","","Sega","Visual Concepts"
"ESPN NFL PrimeTime 2002","","Konami","Farsight Technologies"
"ESPN NHL 2K5","","Sega","Kush Games"
"ESPN NHL Hockey","","Sega","Kush Games"
"ESPN Winter X-Games Snowboarding 2002","","Konami","Konami"
"Evil Dead: A Fistful of Boomstick","","THQ","VIS Entertainment"
"Evil Dead: Regeneration","","THQ","Cranky Pants Games"
"ExaSkeleton","","Kiki Co.","Kiki Co."
"Exhibition: Volume 1","","Microsoft Game Studios","Various"
"Exhibition: Volume 2","","Microsoft Game Studios","Various"
"Exhibition: Volume 3","","Microsoft Game Studios","Various"
"Exhibition: Volume 4","","Microsoft Game Studios","Various"
"Exhibition: Volume 5","","Microsoft Game Studios","Various"
"Exhibition: Volume 6","","Microsoft Game Studios","Various"
"Exhibition: Volume 7","","Microsoft Game Studios","Various"
"F1 2001","","EA Games","EA Sports"
"F1 2002","","EA Games","EA Sports"
"F1 Career Challenge","","EA Games","EA Sports"
"Fable","","Microsoft Game Studios","Lionhead Studios"
"Fable: The Lost Chapters","","Microsoft Game Studios","Lionhead Studios"
"Fairly OddParents: Breakin' Da Rules !The Fairly OddParents: Breakin' Da Rules","","THQ","THQ"
"Fallout: Brotherhood of Steel","","Interplay","Interplay"
"Family Guy Video Game!","","2K Games, Fox Interactive","High Voltage Software"
"Fantastic 4","","Activision","7 Studios"
"Far Cry Instincts","","Ubisoft","Ubisoft Montreal"
"Far Cry Instincts: Evolution","","Ubisoft","Ubisoft Montreal"
"Fatal Frame Project Zero(PAL)","","Tecmo","Tecmo"
"Fatal Frame II: Crimson Butterfly Project Zero II: Crimson Butterfly(PAL)","","Tecmo","Tecmo"
"FIFA 06 Soccer","","EA Games","EA Canada"
"FIFA 07 Soccer","","EA Games","EA Canada"
"FIFA Soccer 2003","","EA Games","EA Canada"
"FIFA Soccer 2004","","EA Games","EA Canada"
"FIFA Soccer 2005","","EA Games","EA Canada"
"FIFA Street","","EA Games","EA Canada"
"FIFA Street 2","","EA Games","EA Canada"
"FIFA World Cup: Germany 2006","","EA Games","EA Canada"
"Fight Club","","VU Games","Genuine Games"
"Fight Night 2004","","EA Sports","EA Sports"
"Fight Night Round 2","","EA Sports","EA Sports"
"Fight Night: Round 3","","EA Sports","EA Chicago"
"FILA World Tour Tennis","Sport / Tennis","THQ","Hokus Pokus"
"Final Fight: Streetwise","","Capcom","Secret Level"
"Finding Nemo","","THQ, Disney Interactive","Traveller's Tales"
"Fire Blade","","Midway Games","Kuju Entertainment"
"FlatOut","","Vivendi Universal","Bugbear Entertainment"
"FlatOut 2","","Vivendi Universal","Bugbear Entertainment"
"Flight Academy","","Aquasystem","Aquasystem"
"Ford Bold Moves Street Racing","","Eidos Interactive","Razorworks"
"Ford Mustang: The Legend Lives","","2K Games","Eutechnyx"
"Ford Racing 2","","Take-Two Interactive","Razorworks"
"Ford Racing 3","","2K Games","Razorworks"
"Ford vs. Chevy","","Global Star Software","2K Games"
"Forgotten Realms: Demon Stone","","Atari","Stormfront Studios, Zono Incorporated"
"Forza Motorsport","","Microsoft Game Studios","Microsoft Game Studios"
"Freaky Flyers","","Midway Games","Midway Games"
"Freedom Fighters","","EA Games","IO Interactive"
"Freestyle MetalX","","Midway Games","Midway Games"
"Freestyle Street Soccer","","Acclaim","Silicon Dreams Studio"
"Frogger Beyond","","Konami","Konami"
"Frogger: Ancient Shadow","","Konami","Hudson Soft"
"Full Spectrum Warrior","","THQ","Pandemic Studios"
"Full Spectrum Warrior: Ten Hammers","","THQ","Pandemic Studios"
"Furious Karting","","Atari","Babylon Software"
"Futurama","","VU Games, Fox Interactive","Unique Development Studios"
"Future Tactics: The Uprising","","Crave Entertainment","Zed Two"
"Fuzion Frenzy","","Microsoft Game Studios","Blitz Games"
"Galaxy Angel","","","Broccoli"
"Galleon","","SCi","Confounding Factor"
"Gauntlet: Dark Legacy","","Midway Games","Midway Games"
"Gauntlet: Seven Sorrows","","Midway Games","Midway Games"
"Gene Troopers","","Akella, Playlogic Entertainment, PlayLogic International","Cauldron"
"Genma Onimusha","","Capcom","Capcom"
"Ghost Master: The Gravenville Chronicles","","Empire Interactive","Empire Interactive"
"Gladiator: Sword of Vengeance","","Acclaim Entertainment","Acclaim Studios Manchester"
"Gladius","","LucasArts","LucasArts"
"Goblin Commander: Unleash the Horde","","Jaleco Entertainment","Jaleco Entertainment"
"Godfather: The Game !The Godfather: The Game","","EA Games","EA Games"
"Godzilla: Destroy All Monsters Melee","","Atari","Pipeworks Software"
"Godzilla: Save the Earth","","Atari","Pipeworks Software"
"GoldenEye: Rogue Agent","","EA Games","EA Los Angeles"
"Gotcha!","","Global Star Software","Sixteen Tons Entertainment"
"Grabbed by the Ghoulies","","Microsoft Game Studios","Rare"
"Grand Theft Auto III","","Rockstar Games","Rockstar Vienna"
"Grand Theft Auto: Double Pack","","Rockstar Games","Rockstar Vienna"
"Grand Theft Auto: San Andreas","","Rockstar Games","Rockstar North"
"Grand Theft Auto: The Trilogy","","Rockstar Games","Rockstar North"
"Grand Theft Auto: Vice City","","Rockstar Games","Rockstar Vienna"
"Gravity Games Bike: Street. Vert. Dirt.","","Midway Games","Midway Games"
"Great Escape !The Great Escape","","Gotham Games","Pivotal Games"
"Greg Hastings Tournament Paintball","","Activision","WXP"
"Greg Hastings' Tournament Paintball Max'd","","Activision","WXP"
"Grooverider: Slot Car Thunder","","Encore","King of the Jungle"
"Group S Challenge CIRCUS DRIVE (JP)","","Capcom","Capcom"
"Guilty Gear Isuka","","Sammy","Sammy"
"Guilty Gear X2#Reload","","Sammy","Sammy"
"Gun","","Activision","Neversoft"
"Gun Metal","","Majesco Games","Rage Software"
"GunGriffon: Allied Strike","","Tecmo","Game Arts"
"Gunvalkyrie","","Sega","Smilebit"
"Guy Game !The Guy Game","","Gathering","Top Heavy"
"Half-Life 2","","EA Games","Valve Corporation"
"Halo: Combat Evolved","","Microsoft Game Studios","Bungie Studios"
"Halo 2","","Microsoft Game Studios","Bungie Studios"
"Halo 2 Multiplayer Map Pack","","Microsoft Game Studios","Bungie Studios"
"Halo Triple Pack","","Microsoft Game Studios","Bungie Studios"
"Harry Potter and the Chamber of Secrets","","EA Games","Eurocom"
"Harry Potter and the Goblet of Fire","","EA Games","EA UK"
"Harry Potter and the Philosopher's Stone","","EA Games","Warthog Games"
"Harry Potter and the Prisoner of Azkaban","","EA Games","EA Games"
"Harry Potter: Quidditch World Cup","","EA Games","EA Games"
"Haunted Mansion !The Haunted Mansion","","TDK Mediactive","High Voltage Software"
"Headhunter Redemption","","Sega","Amuze"
"Hello Kitty: Roller Rescue Hello Kitty: Mission Rescue(AS)","","Namco","XPEC Entertainment"
"Heroes of the Pacific","","Codemasters, Ubisoft","IR Gurus"
"High Heat Major League Baseball 2004","","3DO","3DO"
"High Rollers Casino","","Mud Duck Productions","Cinemaware"
"Hitman: Blood Money","","Eidos Interactive","IO Interactive"
"Hitman: Contracts","","Eidos Interactive","IO Interactive"
"Hitman 2: Silent Assassin","","Eidos Interactive","IO Interactive"
"Hobbit !The Hobbit","","Sierra Entertainment","Inevitable Entertainment"
"Hot Wheels: Stunt Track Challenge","","THQ","Climax"
"House of the Dead III !The House of the Dead III","","Sega","Wow Entertainment"
"Hulk","","Vivendi Universal","Radical Entertainment"
"Hummer Badlands","","2K Games","Eutechnyx"
"Hunter: The Reckoning","","Interplay","High Voltage Software"
"Hunter: The Reckoning: Redeemer","","Vivendi Universal","High Voltage Software"
"Hustle: Detroit Streets !The Hustle: Detroit Streets","","Activision Value","Blade Interactive"
"I-Ninja","","Namco","Argonaut Games"
"Ice Age 2: The Meltdown","","Vivendi Games","Vivendi Games"
"IHRA Drag Racing 2004","","Bethesda Softworks","Bethesda Softworks"
"IHRA Drag Racing: Sportsman Edition","","Bethesda Softworks","Bethesda Softworks"
"IHRA Professional Drag Racing 2005","","Bethesda Softworks","Bethesda Softworks"
"Innocent Tears","","Kobi","Global A Entertainment"
"Incredible Hulk: Ultimate Destruction !The Incredible Hulk: Ultimate Destruction","","Vivendi Games","Radical Entertainment"
"Incredibles !The Incredibles Mr. Incredible","","THQ","Heavy Iron Studios"
"Incredibles: Rise of the Underminer !The Incredibles: Rise of the Underminer","","THQ","Heavy Iron Studios"
"Indiana Jones and the Emperor's Tomb","","LucasArts","The Collective"
"Indigo Prophecy Fahrenheit (PAL)","","Atari","Quantic Dream"
"IndyCar Series","","Codemasters","Codemasters"
"IndyCar Series 2005","","Codemasters","Codemasters"
"Inside Pitch 2003","","Microsoft Game Studios","Microsoft Game Studios"
"Italian Job !The Italian Job","","Eidos Interactive","Climax Group"
"Intellivision Lives!","","Crave Entertainment","Realtime Associates"
"International Superstar Soccer 2","","Konami","KCEO"
"Iron Phoenix","","Sega","InterServ International"
"Jacked","","Empire Interactive","Sproing"
"Jade Empire","","Microsoft Game Studios","BioWare"
"James Cameron's Dark Angel","","Sierra Entertainment","Sierra Entertainment"
"Jaws Unleashed","","Majesco Games","Appaloosa Interactive"
"Jet Set Radio Future","","SEGA","Smilebit"
"Jikkyou World Soccer 2002","","Konami","Konami"
"Jockey's Road","","Microsoft Game Studios","Progress Software"
"Judge Dredd: Dredd Vs. Death","","Evolved Games","Rebellion"
"Juiced","","THQ","Juice Games"
"Jurassic Park: Operation Genesis","","VU Games, Universal Interactive","Blue Tongue"
"Just Cause","","Eidos Interactive","Avalanche Studios"
"Justice League Heroes","","Eidos Interactive","Snowblind Studios"
"Kabuki Warriors","","Crave Entertainment","Bergsala Lightweight"
"Kakuto Chojin","","Microsoft Game Studios","Dream Publishing"
"Kao the Kangaroo: Round 2","","Atari","Tate Interactive"
"Karaoke Revolution","","Konami","Harmonix Music"
"Karaoke Revolution Party","","Konami","Harmonix Music"
"Kelly Slater's Pro Surfer","","Activision","Treyarch"
"Kikou Heidan J-Phoenix","","",""
"Kill Switch","","Namco","Namco"
"King Arthur","","Konami","Krome Studios"
"Kingdom Under Fire: Heroes","","Microsoft Game Studios","Blueside, Phantagram"
"Kingdom Under Fire: The Crusaders","","Microsoft Game Studios","Phantagram"
"King of Fighters 02/03 !The King of Fighters 02/03","","Eolith","Eolith"
"King of Fighters 2002 !The King of Fighters 2002","","Eolith","Eolith"
"King of Fighters 2003 !The King of Fighters 2003","","Eolith","Eolith"
"King of Fighters Neowave !The King of Fighters Neowave","","SNK Playmore","SNK Playmore"
"King of Fighters: Maximum Impact !The King of Fighters: Maximum Impact","","SNK NeoGeo","SNK Playmore"
"Knight's Apprentice: Memorick's Adventures","","XS Games","Microids"
"Knights of the Temple: Infernal Crusade","","TDK Mediactive","Starbreeze Studios"
"Knights of the Temple II","","Playlogic Entertainment, TDK Mediactive","Cauldron"
"Knockout Kings 2002","","EA Sports","EA Games"
"Kung Fu Chaos","","Microsoft Game Studios","Just Add Monsters"
"L.A. Rush","","Midway Games","Midway Games"
"Land of the Dead: Road to Fiddler's Green","","Groove Games","Brainbox Games"
"Largo Winch: Empire Under Threat","","Ubisoft","Dupuis"
"Legacy of Kain: Defiance","","Eidos Interactive","Crystal Dynamics"
"Legend of Spyro: A New Beginning !The Legend of Spyro: A New Beginning","","Sierra Entertainment","Krome Studios"
"Legends of Wrestling","","Acclaim Entertainment","Acclaim Entertainment"
"Legends of Wrestling II","","Acclaim Entertainment","Acclaim Entertainment"
"Lego Star Wars: The Video Game","","LucasArts","Traveller's Tales"
"Lego Star Wars II: The Original Trilogy","","LucasArts","Traveller's Tales"
"Leisure Suit Larry: Magna Cum Laude","","Sierra Entertainment","High Voltage Software"
"Lemony Snicket's A Series of Unfortunate Events","","Activision","Adrenium Games"
"Links 2004","","Microsoft Game Studios","Indie Built"
"LMA Manager 2003","","Codemasters","Codemasters"
"LMA Manager 2004","","Codemasters","Codemasters"
"LMA Manager 2005","","Codemasters","Codemasters"
"LMA Manager 2006","","Codemasters","Codemasters"
"Loons: The Fight for Fame","","Infogrames","Infogrames"
"Lord of the Rings: The Fellowship of the Ring !The Lord of the Rings: The Fellowship of the Ring","","Universal Interactive","The Whole Experience"
"Lord of the Rings: The Return of the King !The Lord of the Rings: The Return of the King","","EA Games","Hypnos Entertainment"
"Lord of the Rings: The Third Age !The Lord of the Rings: The Third Age","","EA Games","EA Games"
"Lord of the Rings: The Two Towers !The Lord of the Rings: The Two Towers","","EA Games","Stormfront Studios"
"Lotus Challenge","","Ignition Entertainment","Kuju Entertainment"
"Mace Griffin: Bounty Hunter","","VU Games","Warthog Games"
"Mad Dash Racing","","Eidos Interactive","Crystal Dynamics"
"Madagascar","","Activision","Toys for Bob"
"Madden NFL 06","","EA Sports","EA Tiburon"
"Madden NFL 07","","EA Sports","EA Tiburon"
"Madden NFL 08","","EA Sports","EA Tiburon"
"Madden NFL 09","","EA Sports","EA Tiburon"
"Madden NFL 2002","","EA Sports","EA Tiburon"
"Madden NFL 2003","","EA Sports","EA Tiburon"
"Madden NFL 2004","","EA Sports","EA Tiburon"
"Madden NFL 2005","","EA Sports","EA Tiburon"
"Mafia: The City of Lost Heaven","","Gathering of Developers","Illusion Softworks"
"Magatama","","Microsoft Game Studios","Microsoft Game Studios Japan"
"Magic the Gathering: Battlegrounds","","Atari","Secret Level"
"Magi Death Fight: Mahou Gakuen","","",""
"Major League Baseball 2K5","","2K Games","Kush Games"
"Major League Baseball 2K6","","2K Games","Kush Games"
"Major League Baseball 2K7","","2K Games","Kush Games"
"Malice","","Mud Duck Games","Argonaut Games"
"Manchester United Manager 2005","","Codemasters","Codemasters"
"Manhunt","","Rockstar Games","Rockstar North"
"Marc Ecko's Getting Up: Contents Under Pressure","","Atari","The Collective, Inc."
"Marvel: Ultimate Alliance","","Activision","Raven Software"
"Marvel Nemesis: Rise of the Imperfects","","EA Games","Nihilistic Software"
"Marvel vs. Capcom 2","","Capcom","Capcom"
"Mashed: Fully Loaded","","Empire Interactive","Supersonic Software"
"Mat Hoffman's Pro BMX 2","","Activision","Rainbow Studios"
"Matrix: Path of Neo !The Matrix: Path of Neo","","Atari","Shiny Entertainment"
"Max Payne","","Rockstar Games","Rockstar Vienna"
"Max Payne 2: The Fall of Max Payne","","Rockstar Games","Rockstar Vienna"
"Maximum Chase","","Majesco","Genki"
"MechAssault","","Microsoft Game Studios","Day 1 Studios"
"MechAssault 2: Lone Wolf","","Microsoft Game Studios","Day 1 Studios"
"Medal of Honor: European Assault","","EA Games","EA Los Angeles"
"Medal of Honor: Frontline","","EA Games","2015"
"Medal of Honor: Rising Sun","","EA Games","EA Los Angeles"
"Mega Man Anniversary Collection","","Capcom","Atomic Planet, Capcom Production Studio 2"
"Melbourne Cup Challenge Frankie Dettori Racing(EUR)","","Home Entertainment Providers","Sidhe Interactive"
"Men of Valor","","Vivendi Games","2015"
"Mercenaries: Playground of Destruction","","LucasArts","Pandemic Studios"
"Metal Arms: Glitch in the System","","Vivendi Games","Swingin' Ape Studios"
"Metal Dungeon","","Xicat Interactive","Panther Software"
"Metal Gear Solid 2: Substance","","Konami","Konami"
"Metal Slug 3","","SNK NeoGeo","Playmore, SNK"
"Metal Slug 4","","Playmore","Mega Enterprise"
"Metal Slug 5","","SNK Playmore","SNK Playmore, Noise Factory"
"Metal Wolf Chaos","","FromSoftware","FromSoftware"
"Miami Vice","","Davilex Games","Davilex Games"
"Micro Machines","","Infogrames","Infogrames Sheffield House"
"Midnight Club II","","Rockstar Games","Rockstar San Diego"
"Midnight Club 3: DUB Edition","","Rockstar Games","Rockstar San Diego"
"Midnight Club 3: DUB Edition Remix","","Rockstar Games","Rockstar San Diego"
"Midtown Madness 3","","Microsoft Game Studios","EA DICE"
"Midway Arcade Treasures","","Midway Games","Digital Eclipse Software"
"Midway Arcade Treasures 2","","Midway Games","Digital Eclipse Software"
"Midway Arcade Treasures 3","","Midway Games","Midway Games"
"Mike Tyson Heavyweight Boxing","","Codemasters","Atomic Planet"
"Minority Report: Everybody Runs","","Activision","Treyarch"
"Mission Impossible: Operation Surma","","Atari","Paradigm Entertainment"
"MLB Slugfest 2003","","Midway Games","Midway Games"
"MLB Slugfest 2004","","Midway Games","Midway Games"
"MLB Slugfest 2006","","Midway Games","Midway Games"
"MLB Slugfest: Loaded","","Midway Games","Midway Games"
"Mojo!","","Crave Entertainment","Farsight Technologies"
"Monopoly Party","","Infogrames","Runecraft"
"Monster 4x4: World Circuit","","Ubisoft","Ubisoft"
"Monster Garage","","Activision","Impulse Games"
"Mortal Kombat: Armageddon","","Midway Games","Midway Games"
"Mortal Kombat: Deadly Alliance","","Midway Games","Midway Games"
"Mortal Kombat: Deception","","Midway Games","Midway Games"
"Mortal Kombat: Shaolin Monks","","Midway Games","Midway L.A."
"Motocross Mania 3","","2K Games, Global Star Software","Deibus Studios"
"MotoGP","","THQ","Climax Studios"
"MotoGP 2","","THQ","Climax Studios"
"MotoGP 3","","THQ","Climax Studios"
"[[Music (software)}|MTV Music Generator 3: This is the Remix]]","Music/Rhythm","Codemasters","Mixmax"
"MTX: Mototrax","","Activision","Left Field Productions"
"Murakumo: Renegade Mech Pursuit","","Ubisoft","FromSoftware"
"Muzzle Flash","","Victor Interactive Software","Beyond Interactive"
"MVP 06: NCAA Baseball","","EA Sports","EA Canada"
"MVP Baseball 2003","","EA Sports","EA Sports"
"MVP Baseball 2004","","EA Sports","EA Sports"
"MVP Baseball 2005","","EA Sports","EA Sports"
"MX 2002","","THQ","Pacific Coast Power & Light"
"MX Superfly","","THQ","Pacific Coast Power & Light"
"MX Unleashed","","THQ","Rainbow Studios"
"MX vs. ATV Unleashed","","THQ","Rainbow Studios"
"MX World Tour Featuring Jamie Little","","Crave Entertainment","Impulse Games"
"Myst III: Exile","","Ubisoft","Presto Studios"
"Myst IV: Revelation","","Ubisoft","Ubisoft Montreal"
"N.U.D.E.@ Natural Ultimate Digital Experiment","","Microsoft Game Studios","RED Entertainment"
"Nakashima Tetsuya no Othello Seminar","Tabletop game","Success","Success"
"Namco Museum","","Namco","Mass Media Inc."
"Namco Museum 50th Anniversary Arcade Collection","","Namco","Namco"
"Narc","","Midway Games","Point of View"
"NASCAR 06: Total Team Control","","EA Sports","EA Sports"
"NASCAR 07","","EA Sports","EA Sports"
"NASCAR 2005: Chase for the Cup","","EA Games","EA Tiburon"
"NASCAR Heat 2002","","Atari","Monster Games"
"NASCAR Thunder 2002","","EA Games","EA Games"
"NASCAR Thunder 2003","","EA Sports","EA Sports"
"NASCAR Thunder 2004","","EA Games","EA Games"
"NBA 2K2","","Sega","Visual Concepts"
"NBA 2K3","","Sega","Visual Concepts"
"NBA 2K6","","2K Sports","Visual Concepts"
"NBA 2K7","","2K Sports","Visual Concepts, Kush Games"
"NBA Ballers","","Midway Games","Midway Games"
"NBA Ballers: Phenom","","Midway Games","Midway Games"
"NBA Inside Drive 2002","","Microsoft Game Studios","High Voltage Software"
"NBA Inside Drive 2003","","Microsoft Game Studios","High Voltage Software"
"NBA Inside Drive 2004","","Microsoft Game Studios","High Voltage Software"
"NBA Jam","","Acclaim Entertainment","Acclaim Entertainment"
"NBA Live 06","","EA Sports","EA Canada"
"NBA Live 07","","EA Sports","EA Sports"
"NBA Live 2002","","EA Games","EA Games"
"NBA Live 2003","","EA Sports","EA Canada"
"NBA Live 2004","","EA Sports","EA Sports"
"NBA Live 2005","","EA Sports","EA Canada"
"NBA Starting Five","","Konami","Konami"
"NBA Street V3","","EA Sports BIG","EA Canada"
"NBA Street Vol. 2","","EA Games","EA Games"
"NCAA College Basketball 2K3","","Sega","Kush Games"
"NCAA College Football 2K3","","Sega","Visual Concepts"
"NCAA Football 06","","EA Sports","EA Sports"
"NCAA Football 07","","EA Sports","EA Sports"
"NCAA Football 08","","EA Sports","EA Sports"
"NCAA Football 2003","","EA Sports","EA Sports"
"NCAA Football 2004","","EA Sports","EA Sports"
"NCAA Football 2005","","EA Sports","EA Sports"
"NCAA March Madness 06","","EA Sports","EA Sports"
"NCAA March Madness 2004","","EA Games","EA Sports"
"NCAA March Madness 2005","","EA Sports","EA Canada"
"Need for Speed: Carbon","","EA Games","EA Canada"
"Need for Speed: Hot Pursuit 2","","EA Games","EA Seattle"
"Need for Speed: Most Wanted","","EA Games","EA Canada"
"Need for Speed: Underground","","EA Games","EA Games"
"Need for Speed: Underground 2","","EA Games","EA Canada"
"Neighbours from Hell","","JoWood Productions","JoWood Productions"
"New Legends","","THQ","Infinite Machine"
"NFL 2K2","","Sega","Visual Concepts"
"NFL 2K3","","Sega","Visual Concepts"
"NFL Blitz 2002","","Midway Games","Point of View, Inc."
"NFL Blitz 2003","","Midway Games","Point of View, Inc."
"NFL Blitz Pro","","Midway Games","Midway Games"
"NFL Fever 2002","","Microsoft Game Studios","Microsoft Game Studios"
"NFL Fever 2003","","Microsoft Game Studios","Microsoft Game Studios"
"NFL Fever 2004","","Microsoft Game Studios","Microsoft Game Studios"
"NFL Head Coach","","EA Sports","EA Tiburon"
"NFL Street","","EA Sports","EA Tiburon"
"NFL Street 2","","EA Sports Big","EA Tiburon"
"NHL 06","","EA Games","EA Canada"
"NHL 07","","EA Sports","EA Sports"
"NHL 2002","","EA Games","EA Sports"
"NHL 2003","","EA Sports","EA Sports"
"NHL 2004","","EA Games","EA Games"
"NHL 2005","","EA Games","EA Games"
"NHL 2K3","","Sega","Treyarch"
"NHL 2K6","","2K Sports","Kush Games"
"NHL 2K7","","2K Sports","Kush Games, Visual Concepts"
"NHL Hitz 20-02","","Midway Games","Black Box Games"
"NHL Hitz 20-03","","Midway Games","Midway Games"
"NHL Hitz Pro","","Midway Games","Next Level Games"
"NHL Rivals 2004","","Microsoft Game Studios","Microsoft Game Studios"
"Nickelodeon Party Blast","","Infogrames","Data Design Interactive"
"NightCaster","","Microsoft Game Studios","VR-1"
"NightCaster II: Equinox","","Jaleco","Jaleco"
"Ninja Gaiden","","Tecmo","Team Ninja"
"Ninja Gaiden Black","","Microsoft Game Studios","Team Ninja"
"Nobunaga no Yabou: Ranseiki","","Koei","Koei"
"ObsCure","","DreamCatcher Interactive","Hydravision"
"Oddworld: Munch's Oddysee","","Microsoft Game Studios","Oddworld Inhabitants"
"Oddworld: Stranger's Wrath","","EA Games","Oddworld Inhabitants"
"Open Season","","Ubisoft","Ubisoft"
"Operation Flashpoint: Elite","","Codemasters","Bohemia Interactive"
"Otogi !Otogi: Myth of Demons","","Sega","FromSoftware"
"Otogi 2 !Otogi 2: Immortal Warriors","","Sega","FromSoftware"
"Outlaw Golf","","Simon & Schuster","Simon & Schuster"
"Outlaw Golf 2","","Global Star Software","Hypnotix"
"Outlaw Golf: 9 Holes of X-Mas","","Simon & Schuster","Simon & Schuster"
"Outlaw Golf: 9 More Holes of X-Mas","","Simon & Schuster","Hypnotix"
"Outlaw Golf: Holiday Golf","","Simon & Schuster","Simon & Schuster"
"Outlaw Tennis","","Global Star Software","Hypnotix"
"Outlaw Volleyball","","Simon & Schuster","Hypnotix"
"Outlaw Volleyball: Red Hot","","Simon & Schuster","Hypnotix"
"OutRun 2","","Microsoft Game Studios","Sumo Digital"
"OutRun 2006: Coast 2 Coast","","Sega","Sumo Digital"
"Over the Hedge","","Activision","Edge of Reality"
"Pac-Man World 2","","Namco","Namco"
"Pac-Man World 3","","EA Games","Blitz Games"
"Painkiller: Hell Wars","","DreamCatcher Interactive","People Can Fly"
"Panzer Dragoon Orta","","Sega","Smilebit"
"Panzer Elite Action: Fields of Glory","","JoWooD Entertainment","ZootFly"
"Pariah","","Groove Games","Digital Extremes"
"Peter Jackson's King Kong","","Ubisoft","Ubisoft Montpellier"
"Petite Copter","","Aqua Systems","Aqua Systems"
"Phantasy Star Online Episode I & II","","Sega","Sonic Team"
"Phantom Crash","","Phantagram","Genki"
"Phantom Dust","","Majesco, Microsoft Game Studios","Microsoft Game Studios"
"Pilot Down: Behind Enemy Lines","","Microids","Wide Games"
"Pinball Hall of Fame","","Crave Entertainment","FarSight Studios"
"Pirates of the Caribbean","","Bethesda Softworks","Akella"
"Pirates: Legend of the Black Buccaneer","","10tacle Studios","WideScreen Games"
"Pirates: The Legend of Black Kat","","EA Games","Westwood Studios"
"Pitfall: The Lost Expedition","","Activision","Edge of Reality"
"Playboy: The Mansion","","Arush Entertainment, Groove Games","Cyberlore Studios"
"Plus Plum 2","","Tayuko","Tayuko"
"PocketBike Racer","","King Games","Blitz Games"
"Pool Shark 2","","Zoo Digital Publishing","Blade Interactive"
"Powerdrome","","Mud Duck Productions","Argonaut Software"
"Predator: Concrete Jungle","","Sierra Entertainment, Fox Interactive","Eurocom"
"Prince of Persia: The Sands of Time","","Ubisoft","Ubisoft Montreal"
"Prince of Persia: The Two Thrones","","Ubisoft","Ubisoft Montreal"
"Prince of Persia: Warrior Within","","Ubisoft","Ubisoft Montreal"
"Prisoner of War","","Historic Action Adventure","Wide Games"
"Pro Cast Sports Fishing Lakemasters: Bass Fishing Game(JP)","","Capcom","Capcom"
"Pro Fishing Challenge","","Atlus","Opus Company"
"Pro Race Driver TOCA Race Driver (EU)","","Codemasters","Codemasters"
"Project Gotham Racing","","Microsoft Game Studios","Bizarre Creations"
"Project Gotham Racing 2","","Microsoft Game Studios","Bizarre Creations"
"Project Snowblind","","Eidos Interactive","Crystal Dynamics"
"ProStroke Golf: World Tour 2007","","Oxygen Interactive","Gusto Games"
"Psi-Ops: The Mindgate Conspiracy","","Midway Games","Midway Games"
"Psychonauts","","Majesco Entertainment","Double Fine Productions"
"Psyvariar 2","","Success Corporation","SKONEC Entertainment"
"Pulse Racer","","Jaleco","Jaleco"
"Pump It Up: Exceed","","Mastiff","Andamiro"
"Punisher !The Punisher","","THQ","Volition, Inc."
"Pure Pinball","","XS Games","Iridon"
"Puyo Pop: Fever","","Sega","Sonic Team"
"Quantum Redshift","","Microsoft Game Studios","Curly Monsters"
"R: Racing Evolution","","Namco","Namco"
"Rallisport Challenge","","Microsoft Game Studios","EA DICE"
"RalliSport Challenge 2","","Microsoft Game Studios","EA DICE"
"Rally Fusion: Race of Champions","","Activision","Climax Studios"
"Rapala Pro Fishing","","Activision","FUN Labs"
"Ratatouille","","THQ","Heavy Iron Studios"
"Rayman 3: Hoodlum Havoc","","Ubisoft","Ubisoft"
"Rayman Arena","","Ubisoft","Ubisoft"
"Raze's Hell","","Majesco Entertainment","Artech Studios"
"Real World Golf","","Mad Katz","In2Games"
"Red Dead Revolver","","Rockstar Games","Rockstar San Diego"
"Red Faction II","","THQ","Volition"
"Red Ninja: End of Honor","","Vivendi Games","Tranji Studios"
"RedCard 20-03","","Midway Games","Point of View"
"Reign of Fire","","BAM! Entertainment","Kuju Entertainment"
"Rent-A-Hero No. 1","","AIA Games","Sega"
"Reservoir Dogs","","Eidos Interactive","Volatile Games"
"Return to Castle Wolfenstein: Tides of War","","Activision","Gray Matter Interactive"
"Richard Burns Rally","","SCi","Warthog Games"
"RLH !RLH: Run Like Hell","","Interplay","Digital Mayhem"
"RoadKill","","Midway Games","Midway Games"
"Robin Hood: Defender of the Crown","","ZOO Digital Group, Capcom","Cinemaware"
"RoboCop","","MGM Interactive","Titus Software"
"Robot Wars: Extreme Destruction","","BBC Multimedia","Futuretech Inc."
"Robotech: Battlecry","","TDK Mediactive","Vicious Cycle Software"
"Robotech: Invasion","","Global Star Software","Vicious Cycle Software"
"Robots","","Vivendi Games","Eurocom"
"Rocky","","Ubisoft","Rage Software"
"Rocky: Legends","","Ubisoft","Venom Games"
"Rogue Ops","","Kemco","Bits Studios"
"Rogue Trooper","","Eidos Interactive","Rebellion Developments"
"RollerCoaster Tycoon","","Hasbro Interactive","Chris Sawyer"
"Rolling","","Rage Software","Rage Software"
"Room Zoom","","Jaleco","Blade Interactive"
"Rugby 06","","EA Sports","EA Canada, HB Studios"
"Rugby 2005","","EA Games","EA Canada"
"Rugby Challenge 2006","","Hip Interactive, Ubisoft","Swordfish Studios"
"Rugby League","","Home Entertainment Suppliers, Tru Blu Entertainment","Sidhe Interactive"
"Rugby League 2","","Home Entertainment Suppliers","Sidhe Interactive"
"Samurai Shodown V","","SNK Playmore","SNK Playmore"
"Samurai Warriors","","Koei","Omega Force"
"Scaler","","NA: Take-Two Interactive PAL: Global Star Software","A2M"
"Scarface: The World Is Yours","","Sierra Entertainment","Radical Entertainment"
"Scooby-Doo! Mystery Mayhem","","THQ","A2M"
"Scooby-Doo! Night of 100 Frights","","THQ","Heavy Iron Studios"
"Scooby-Doo! Unmasked","","THQ","A2M"
"American McGee Presents: Scrapland","","Enlight","Mercury Steam Entertainment"
"SeaBlade","","Simon & Schuster","Simon & Schuster"
"SeaWorld: Shamu's Deep Sea Adventures","","Activision","Activision"
"Second Sight","","Codemasters","Free Radical Design"
"Secret Weapons Over Normandy","","LucasArts","Totally Games"
"Sega GT 2002","","Sega","Wow Entertainment"
"Sega GT Online","","Sega","Wow Entertainment"
"Sega Soccer Slam","","Sega","Black Box Games"
"Sensible Soccer 2006","","Codemasters","Kuju Entertainment"
"Sentou Yousei Yukikaze: Yousei no Mau Sora","Cel-shaded flight combat","Aquasystem","Aquasystem"
"Serious Sam","","Gathering of Developers","Croteam"
"Serious Sam II","","2K Games","Croteam"
"Shade: Wrath of Angels","","Cenega Publishing","Black Element"
"Shadow of Memories","","Konami","Konami"
"Shadow Ops: Red Mercury","","Atari","Zombie Studios"
"Shadow the Hedgehog","","Sega","Sega Studio USA"
"Shark Tale","","Activision","Edge of Reality"
"Shattered Union","","2K Games","PopTop Software"
"Shellshock: Nam '67","","Eidos Interactive","Guerrilla Games"
"Shenmue II","","Microsoft Game Studios","Rutubo Games"
"Shikigami no Shiro","","MediaQuest","Alfa System"
"Shikigami no Shiro Evolution Blue","","MediaQuest","Alfa System"
"Shikigami no Shiro Evolution Red","","MediaQuest","Alfa System"
"Shikigami no Shiro II","","MediaQuest","Alfa System"
"Shinchou Mahjong (Nobunaga Mahjong)","Tabletop game","E-Frontier","Success"
"Shin Megami Tensei: Nine","","Atlus","Next Entertainment"
"Showdown: Legends of Wrestling","","Acclaim Entertainment","Acclaim Studios Austin"
"Shrek","","TDK Mediactive","EA DICE"
"Shrek 2","","Activision","Luxoflux"
"Shrek Super Party","","TDK Mediactive","Mass Media"
"Shrek SuperSlam","","Activision","Shaba Games"
"Sid Meier's Pirates!","","2K Games","Firaxis Games"
"Silent Hill 2","","Konami","Konami"
"Silent Hill 4: The Room","","Konami","Konami"
"Silent Scope Complete","","Konami","Konami"
"Simpsons: Hit & Run !The Simpsons: Hit & Run","","Vivendi Universal Games","Radical Entertainment"
"Simpsons: Road Rage !The Simpsons: Road Rage","","EA Games","Radical Entertainment"
"Sims !The Sims","","EA Games","Edge of Reality"
"Sims 2 !The Sims 2","","EA Games","Maxis"
"Sims Bustin' Out !The Sims Bustin' Out","","EA Games","Maxis"
"Ski Racing 2005","","JoWooD Entertainment","ColdWood Interactive"
"Ski Racing 2006","","Deep Silver","ColdWood Interactive"
"Slam Tennis","","Atari","Atari"
"Smashing Drive","","Namco","Point of View"
"Sneak King","","King Games","Blitz Games"
"Sneakers","","Microsoft Game Studios","Media.Vision"
"Sniper Elite","","Namco","Rebellion Developments"
"Soldier of Fortune II: Double Helix","","Activision","Gratuitous Games"
"Sonic Heroes","","Sega","Sonic Team"
"Sonic Mega Collection Plus","","Sega","Sonic Team"
"Sonic Riders","","Sega","Sonic Team"
"Soul Calibur II","","Namco","Namco"
"Spartan: Total Warrior","","Sega","The Creative Assembly"
"Spawn: Armageddon","","Namco","Point of View"
"Special Forces: Nemesis Strike Counter Terrorist Special Forces: Fire for Effect(EUR)","","Hip Games","Asobo Studio"
"Speed Kings","","Acclaim Entertainment","Climax Group"
"Sphinx and the Cursed Mummy","","THQ","Eurocom"
"Spider-Man","","Activision","Treyarch"
"Spider-Man 2","","Activision","Treyarch"
"Spikeout: Battle Street","","Sega","Dimps"
"Splashdown","","Atari","Rainbow Studios"
"Splat Magazine Renegade Paintball","","Take-Two Interactive","Cat Daddy Games"
"SpongeBob SquarePants: Battle for Bikini Bottom","","THQ","Heavy Iron Studios"
"SpongeBob SquarePants: Lights, Camera, Pants!","","THQ","WayForward Technologies"
"SpongeBob SquarePants Movie Game !The SpongeBob SquarePants Movie Game","","THQ","Heavy Iron Studios"
"Spy Hunter","","Midway Games","Paradigm Entertainment"
"Spy Hunter 2","","Midway Games","Angel Studios"
"Spy Hunter: Nowhere to Run","","Midway Games","Terminal Reality"
"Spy vs. Spy","","Global Star Software","Vicious Cycle Software"
"Spyro: A Hero's Tail","","Vivendi Universal Games","Eurocom"
"SSX 3","","EA Sports","EA Canada"
"SSX On Tour","","EA Sports","EA Canada"
"SSX Tricky","","EA Sports","EA Canada"
"Stacked with Daniel Negreanu","","Myelin Media","5000ft"
"Stake: Fortune Fighters","","Metro3D, Inc.","Gameness Art"
"Star Trek: Shattered Universe","","TDK","Starsphere"
"Star Wars: Jedi Knight: Jedi Academy","","LucasArts","Vicarious Visions"
"Star Wars: Jedi Knight II: Jedi Outcast","","LucasArts","Vicarious Visions"
"Star Wars: Battlefront","","LucasArts","Pandemic Studios"
"Star Wars: Battlefront II","","LucasArts","Pandemic Studios"
"Star Wars: Episode III: Revenge of the Sith","","LucasArts","The Collective, Inc."
"Star Wars: Jedi Starfighter","","LucasArts","LucasArts"
"Star Wars: Knights of the Old Republic","","LucasArts","BioWare"
"Star Wars: Knights of the Old Republic II: The Sith Lords","","LucasArts","Obsidian Entertainment"
"Star Wars: Obi-Wan","","LucasArts","LucasArts"
"Star Wars: Republic Commando","","LucasArts","LucasArts"
"Star Wars: Starfighter","","LucasArts","LucasArts"
"Star Wars: The Clone Wars","","LucasArts","Pandemic Studios"
"Starsky & Hutch","","Empire Interactive","Mind's Eye"
"State of Emergency","","Rockstar Games","VIS Entertainment"
"Steel Battalion","","Capcom, Microsoft Game Studios","Capcom, Nude Maker"
"Steel Battalion: Line of Contact","","Capcom","Capcom, Nude Maker"
"Still Life","","The Adventure Company","MicroÃ¯ds"
"Stolen","","Hip Interactive","Blue 52"
"Street Fighter Anniversary Collection","","Capcom","Capcom"
"Street Hoops","","Activision","Black Ops"
"Street Racing Syndicate","","Namco","Eutechnyx"
"Strike Force Bowling","","Crave Entertainment","LAB Rats Games"
"Stubbs the Zombie in Rebel Without a Pulse","","Aspyr","Wideload"
"Sudeki","","Microsoft Game Studios","Climax"
"Suffering !The Suffering","","Midway Games","Surreal Software"
"Suffering: Ties That Bind !The Suffering: Ties That Bind","","Midway Games","Surreal Software"
"Super Bubble Pop","","Jaleco","Zombie Studios"
"Super Monkey Ball Deluxe","","Sega","Sega"
"Superman Returns","","EA Games","EA Tiburon"
"Superman: The Man of Steel","","Atari","Circus Freak Studios"
"SVC Chaos: SNK vs. Capcom","","Playmore","Playmore"
"SWAT: Global Strike Team","","Sierra Entertainment","Argonaut"
"SX Superstar","","Acclaim Entertainment","Climax Studios"
"Syberia","","XS Games","MicroÃ¯ds"
"Syberia II","","XS Games","MicroÃ¯ds"
"Taito Legends","","Empire Interactive, Sega","Taito Corporation"
"Taito Legends 2","","Empire Interactive","Taito Corporation"
"Tak: The Great Juju Challenge","","THQ","Avalanche Software"
"Tak 2: The Staff of Dreams","","THQ","Avalanche Software"
"Takahashi Akiko no Mahjong Seminar","Tabletop game","Success","Success"
"Tao Feng: Fist of the Lotus","","Microsoft Game Studios","Studio Gigante"
"Taz: Wanted","","Infogrames, Warner Bros. Interactive","Blitz Games"
"Tecmo Classic Arcade","","Tecmo","Tecmo"
"Teen Titans","","THQ, Majesco Entertainment","Artificial Mind and Movement"
"Teenage Mutant Ninja Turtles","","Konami","Konami"
"Teenage Mutant Ninja Turtles: Mutant Melee","","Konami","KCE Hawaii"
"Teenage Mutant Ninja Turtles 2: Battle Nexus","","Konami","Konami"
"Teenage Mutant Ninja Turtles 3: Mutant Nightmare","","Konami","Konami"
"Tenchu: Return from Darkness","","Activision, FromSoftware (JP)","K2 LLC"
"Tenerezza","","Aqua Plus","Aqua Plus"
"Tennis Masters Series 2003","","Hip Games","Microids"
"Terminator: Dawn of Fate !The Terminator: Dawn of Fate","","Infogrames","Paradigm Entertainment"
"Terminator 3: Rise of the Machines","","Atari","Black Ops Entertainment"
"Terminator 3: The Redemption","","Atari","Paradigm Entertainment"
"Test Drive TD Overdrive(EUR)","","Infogrames","Pitbull Syndicate"
"Test Drive: Eve of Destruction","","Atari","Monster Games"
"Test Drive Off-Road Wide Open","","Infogrames, Inc.","Angel Studios"
"Tetris Worlds","","THQ","Radical Entertainment"
"Tetris Worlds (Online Edition)","","THQ","Radical Entertainment"
"Thief: Deadly Shadows","","Eidos Interactive","Ion Storm Inc."
"Thing !The Thing","","VU Games","Computer Artworks"
"Thousand Land","","FromSoftware","FromSoftware"
"Thrillville","","LucasArts","Frontier Developments"
"Tiger Woods PGA Tour 2003","","EA Games","EA Sports"
"Tiger Woods PGA Tour 2004","","EA Games","EA Sports"
"Tiger Woods PGA Tour 2005","","EA Games","EA Sports"
"Tiger Woods PGA Tour 2006 !Tiger Woods PGA Tour 06","","EA Games","EA Sports"
"Tiger Woods PGA Tour 2007 !Tiger Woods PGA Tour 07","","EA Games","EA Sports"
"Tim Burton's The Nightmare Before Christmas: Oogie's Revenge","","Buena Vista Games","Capcom"
"TimeSplitters 2","","Eidos Interactive","Free Radical"
"TimeSplitters: Future Perfect","","EA Games","Free Radical"
"TOCA Race Driver 2: The Ultimate Racing Simulator","","Codemasters","Codemasters"
"TOCA Race Driver 3","","Codemasters","Codemasters"
"ToeJam & Earl III: Mission to Earth","","Sega","ToeJam & Earl Productions"
"Tom and Jerry in War of the Whiskers","","NewKidCo","VIS Entertainment"
"Tom Clancy's Classic Trilogy","","Ubisoft","Ubisoft"
"Tom Clancy's Ghost Recon","","Ubisoft","Red Storm Entertainment"
"Tom Clancy's Ghost Recon 2","","Ubisoft","Red Storm Entertainment"
"Tom Clancy's Ghost Recon 2: Summit Strike","","Ubisoft","Red Storm Entertainment"
"Tom Clancy's Ghost Recon: Advanced Warfighter","","Ubisoft","Ubisoft"
"Tom Clancy's Ghost Recon: Island Thunder","","Ubisoft","Red Storm Entertainment"
"Tom Clancy's Rainbow Six 3","","Ubisoft","Ubisoft"
"Tom Clancy's Rainbow Six 3: Black Arrow","","Ubisoft","Ubisoft"
"Tom Clancy's Rainbow Six: Critical Hour","","Ubisoft","Ubisoft Quebec, Red Storm Entertainment"
"Tom Clancy's Rainbow Six: Lockdown","","Ubisoft","Red Storm Entertainment"
"Tom Clancy's Splinter Cell","","Ubisoft","Ubisoft Montreal"
"Tom Clancy's Splinter Cell: Chaos Theory","","Ubisoft","Ubisoft Montreal, Ubisoft Annecy"
"Tom Clancy's Splinter Cell: Double Agent","","Ubisoft","Ubisoft"
"Tom Clancy's Splinter Cell: Pandora Tomorrow","","Ubisoft","Ubisoft"
"Tomb Raider: Legend","","Eidos Interactive","Crystal Dynamics"
"Tony Hawk's American Wasteland","","Activision","Neversoft"
"Tony Hawk's Pro Skater 2x","","Activision","Neversoft"
"Tony Hawk's Pro Skater 3","","Activision","Neversoft"
"Tony Hawk's Pro Skater 4","","Activision","Neversoft"
"Tony Hawk's Project 8","","Activision","Shaba Games"
"Tony Hawk's Underground","","Activision","Neversoft"
"Tony Hawk's Underground 2","","Activision","Neversoft"
"Top Gear RPM Tuning RPM Tuning(EUR)","","MC2 France","Babylon Software"
"Top Spin Tennis","","Microsoft Game Studios","PAM Development"
"Torino 2006","","2K Games","49 Games"
"Tork: Prehistoric Punk","","Ubisoft","Tiwak"
"Total Club Manager 2004","","EA Sports","EA Canada"
"Total Club Manager 2005","","EA Sports","EA Canada"
"Total Immersion Racing","","Empire Interactive","Razorworks"
"Total Overdose: A Gunslinger's Tale in Mexico","","Eidos Interactive","Deadline Games"
"Totaled!","","Majesco Games","Rage Software"
"Touge R","","Atlus","Cave, Nextech"
"Tour de France","","Konami","Konami"
"Toxic Grind","","THQ","Blue Shift"
"TransWorld Snowboarding","","Atari","Housemarque"
"TransWorld Surf","","Infogrames, Inc.","Angel Studios"
"Triangle Again","","",""
"Triangle Again 2","","",""
"Trigger Man","","Crave Entertainment","Point of View"
"Triple Play 2002","","EA Games","Pandemic Studios"
"Trivial Pursuit Unhinged","","Atari","Artech Studios"
"Tron 2.0 Killer App","","Buena Vista Interactive","Climax Group"
"True Crime: New York City","","Activision","Luxoflux"
"True Crime: Streets of LA","","Activision","Luxoflux"
"Turok: Evolution","","Acclaim","Acclaim"
"Ty the Tasmanian Tiger","","EA Games","Krome Studios"
"Ty the Tasmanian Tiger 2: Bush Rescue","","EA Games","Krome Studios"
"Ty the Tasmanian Tiger 3: Night of the Quinkan","","Activision Value","Krome Studios"
"UEFA Champions League 2004-2005","","EA Games","EA Games"
"UEFA Euro 2004","","EA Games","EA Canada"
"UFC: Tapout","","Crave Entertainment","DreamFactory"
"UFC: Tapout 2","","TDK Mediactive","DreamFactory"
"Ultimate Beach Soccer","","DreamCatcher Interactive","PAM Development"
"Ultimate Pro Pinball","","Empire Interactive","Atomic Planet Entertainment"
"Ultimate Spider-Man","","Activision","Treyarch"
"Ultra Bust-a-Move Ulrta Puzzle Bobble","","Majesco Games","Taito Corporation"
"Umezawa Yukari no Igo Seminar","Tabletop game","Success","Success"
"Unreal Championship","","Atari","Digital Extremes"
"Unreal Championship 2: The Liandri Conflict","","Midway Games","Epic Games"
"Unreal II: The Awakening","","Atari","Tantalus Interactive"
"Urban Chaos: Riot Response","","Eidos Interactive","Rocksteady Studios"
"Urbz: Sims in the City !The Urbz: Sims in the City","","EA Games","Maxis"
"V-Rally 3","","Atari","Eden Studios"
"Van Helsing","","VU Games","Saffire"
"Vexx","","Acclaim","Acclaim"
"Vietcong: Purple Haze","","Gathering","Coyote"
"Virtual Pool: Tournament Edition","","Global Star Software","Celeris"
"Volvo: Drive For Life","","Microsoft Game Studios","Climax Group"
"Voodoo Vince","","Microsoft Game Studios","Beep Industries"
"Wakeboarding Unleashed","","Activision","Shaba Games"
"Wallace & Gromit in Project Zoo","","BAM! Entertainment","Frontier Developments"
"Wallace & Gromit: The Curse of the Were-Rabbit","","Konami","Frontier Developments"
"Warpath","","Groove Games","Digital Extremes"
"Warriors !The Warriors","","Rockstar Games","Rockstar Toronto"
"Whacked!","","Microsoft Game Studios","Presto Studios"
"Whiplash","","Eidos Interactive","Crystal Dynamics"
"Whiteout","","Konami","Konami"
"Wild Rings !The Wild Rings","","Microsoft Game Studios","Microsoft Game Studios"
"WinBack 2: Project Poseidon","","Koei","Cavia Inc."
"Wings of War","","Gathering","Silver Wish Games"
"Without Warning","","Capcom","CiRCLE"
"World Championship Poker","","Crave Entertainment","Crave Entertainment"
"World Championship Poker 2: Featuring Howard Lederer","","Crave Entertainment","Crave Entertainment"
"World Championship Pool 2004","","Jaleco Entertainment","Blade Interactive"
"World Championship Rugby","","Acclaim","Swordfish Studios"
"World Championship Snooker 2003","","Codemasters","Blade Interactive"
"World Championship Snooker 2004","","Codemasters","Blade Interactive"
"World Poker Tour","","2K Sports","Coresoft"
"World Racing","","TDK Mediactive","Synetic"
"World Racing 2","","Evolved Games","Synetic"
"World Series Baseball","","Sega","Blueshift"
"World Series Baseball 2K3","","Sega","Blueshift"
"World Series of Poker","","Activision Value","Activision Value"
"World Snooker Championship 2005","","Sega Europe","Blade Interactive"
"World Soccer Winning Eleven 8 International Pro Evolution Soccer 4 (PAL) Winning Eleven 8(JP)","","Konami","KCET"
"World Soccer Winning Eleven 9 Pro Evolution Soccer 5 (PAL) Winning Eleven 9 (JP)","","Konami","KCET"
"World War II Combat: Iwo Jima","","Groove Games","Direct Action"
"World War II Combat: Road to Berlin","","Groove Games","Direct Action"
"Worms 3D","","Sega","Team17"
"Worms 4: Mayhem","","Codemasters & Majesco Games","Team17"
"Worms Forts: Under Siege","","Sega","Team17"
"Wrath Unleashed","","LucasArts","The Collective"
"Wreckless: The Yakuza Missions Double-S.T.E.A.L.","","Activision","Bunkasha Publishing"
"WTA Tour Tennis","","Konami","Konami"
"WWE Raw 2","","THQ","Anchor"
"WWE WrestleMania 21","","THQ","Studio Gigante"
"WWF RAW","","THQ","Anchor"
"Xbox Live Arcade","","",""
"Xbox Live Video Chat","","",""
"X-Men Legends","","Activision","Raven Software"
"X-Men Legends II: Rise of Apocalypse","","Activision","Raven Software"
"X-Men: Next Dimension","","Activision","Paradox Development"
"X-Men: The Official Game","","Activision","Z-Axis, Ltd."
"X2: Wolverine's Revenge","","Activision","GenePool Software"
"Xbox Music Mixer","","Microsoft Game Studios","WildTangent"
"XGRA","","Acclaim","Acclaim"
"Xiaolin Showdown","","Konami","BottleRocket"
"XIII","","Ubisoft","Ubisoft"
"Xyanide","","Playlogic","Playlogic"
"Yager","","Kemco","Yager Development"
"Yetisports Arctic Adventure","","JoWood Productions","JoWood Productions"
"Yonenaga Kunio no Shougi Seminar","Tabletop game","Success","Success"
"Yourself!Fitness","","Respondesign","Respondesign"
"Yu-Gi-Oh! The Dawn of Destiny","","Konami","KCEJ"
"Zapper","","Atari","Blitz Games"
"Zathura","","2K Games","High Voltage Software"
"ZillerNet","Karaoke","Microsoft Game Studios","Studio9, Taijin Media"
